id;nom;groupe;amendements_adoptes;amendements_signes;commission_interventions;commission_presences;hemicycle_interventions;hemicycle_interventions_courtes;propositions_ecrites;propositions_signees;questions_ecrites;questions_orales;rapports;semaines_presence;
1;Guy Teissier;UMP;0;1;16;4;0;0;0;7;0;0;0;2;
2;Jean Proriol;UMP;2;27;0;6;4;2;0;2;1;0;0;2;
3;Sandrine Hurel;SRC;0;0;0;1;0;0;0;0;3;0;0;1;
5;Pierre-Christophe Baguet;UMP;0;0;0;2;0;0;0;0;0;0;0;1;
6;Fabienne Labrette-Ménager;UMP;0;0;6;3;18;57;0;0;1;0;0;3;
7;Gilles Cocquempot;SRC;0;0;1;2;0;0;0;0;0;0;0;1;
8;Jean-Louis Léonard;UMP;6;13;26;6;1;0;0;0;0;1;0;2;
9;Josette Pons;UMP;1;4;1;2;0;0;0;5;0;0;0;2;
10;Claude Goasguen;UMP;0;1;0;1;0;5;1;4;2;0;0;1;
11;François Grosdidier;UMP;3;29;19;3;0;2;0;3;5;0;0;2;
12;Gilles Carrez;UMP;0;0;20;4;0;1;0;0;0;0;0;3;
13;Daniel Spagnou;UMP;1;17;2;4;1;1;0;6;0;0;0;2;
14;Alfred Trassy-Paillogues;UMP;2;8;0;1;0;0;0;0;5;0;0;1;
16;Françoise Hostalier;UMP;1;4;1;2;0;0;0;8;3;0;0;2;
17;Lionel Tardy;UMP;9;34;0;4;49;34;0;2;5;0;0;2;
18;Edwige Antier;UMP;0;0;1;5;0;0;0;2;0;0;0;2;
20;Anne Grommerch;UMP;0;0;0;5;0;0;0;2;0;0;0;2;
21;Guy Geoffroy;UMP;0;9;0;2;14;15;1;5;0;0;0;2;
22;Chantal Berthelot;SRC;0;37;1;2;0;0;0;0;2;0;0;1;
23;Pierre Morel-A-L'Huissier;UMP;7;30;3;3;36;50;0;10;30;0;1;1;
24;Didier Julia;UMP;0;1;1;1;0;0;0;3;1;0;0;1;
25;Danièle Hoffman-Rispal;SRC;0;0;0;3;0;0;0;0;1;0;0;2;
26;Paul Jeanneteau;UMP;2;5;0;5;0;0;0;3;2;0;0;2;
27;Jacques Alain Bénisti;UMP;0;0;1;3;1;7;0;6;0;0;0;1;
28;Jean Grellier;SRC;3;58;0;1;4;0;0;0;5;0;0;1;
29;Jean-Louis Touraine;SRC;0;0;0;3;10;0;0;0;0;0;0;1;
31;Annick Lepetit;SRC;2;35;0;2;0;0;0;0;1;0;0;2;
33;Yves Durand;SRC;2;22;1;2;15;14;0;0;0;0;0;2;
34;Louis Giscard d'Estaing;UMP;0;0;82;10;0;0;0;0;1;0;0;2;
35;Joëlle Ceccaldi-Raynaud;UMP;0;2;0;1;0;0;0;5;49;0;0;1;
36;François Goulard;UMP;0;0;1;2;5;11;0;2;0;0;0;2;
37;François Deluga;SRC;0;2;0;1;0;0;0;0;2;0;0;1;
41;Manuel Valls;SRC;0;0;1;1;0;0;0;0;1;0;0;1;
42;François-Michel Gonnot;UMP;0;4;0;1;2;2;0;5;1;0;0;1;
43;François Asensi;GDR;1;92;0;1;1;0;0;0;2;1;0;1;
45;Armand Jung;SRC;2;31;0;1;0;0;0;0;2;0;0;1;
46;François Cornut-Gentille;UMP;0;0;5;1;0;0;0;0;2;0;1;1;
47;Christophe Guilloteau;UMP;0;1;0;3;0;0;0;2;11;0;0;2;
48;Bernard Cazeneuve;SRC;0;0;6;2;0;0;0;1;2;0;1;1;
49;Marie-Renée Oget;SRC;0;0;0;10;0;0;0;0;1;0;0;2;
51;Pierre Moscovici;SRC;0;0;0;1;0;0;0;1;1;0;0;1;
52;Christiane Taubira;SRC;0;0;0;1;1;0;0;0;1;1;0;1;
53;Yves Deniaud;UMP;0;1;13;6;0;0;0;0;0;0;0;2;
54;Pierre Frogier;UMP;0;0;0;1;0;0;0;0;0;0;0;1;
55;Pierre Lasbordes;UMP;3;13;28;7;0;0;0;0;6;0;0;2;
56;Philippe Vuilque;SRC;0;0;0;1;0;0;0;0;6;0;0;1;
57;Jean-Claude Flory;UMP;0;0;0;1;0;0;0;0;40;0;0;1;
58;Christian Vanneste;UMP;3;24;3;2;8;9;0;4;6;0;0;2;
59;Pierre Gosnat;GDR;1;92;0;0;0;1;0;0;0;0;0;1;
60;André Vézinhet;SRC;0;0;4;2;2;0;0;0;1;1;0;2;
61;Pascale Got;SRC;3;58;0;2;0;0;0;0;0;0;0;1;
62;Michel Hunault;NC;0;0;1;1;0;0;0;1;13;0;0;1;
63;Éric Ciotti;UMP;0;0;0;1;0;0;0;1;0;0;0;1;
64;Jean-Claude Guibal;UMP;0;4;4;4;0;0;0;5;3;0;0;2;
65;Bernard Perrut;UMP;3;6;13;7;1;0;0;7;28;1;0;2;
66;Michèle Tabarot;UMP;0;0;24;3;3;1;0;0;0;0;0;2;
67;Nicolas Perruchot;NC;0;9;0;2;0;0;0;3;0;0;0;1;
68;Jean-Marie Sermier;UMP;1;4;5;3;0;0;0;5;1;0;0;2;
69;Marc Dolez;GDR;1;92;0;1;0;0;0;1;2;0;0;1;
71;Jacques Kossowski;UMP;0;16;1;3;0;0;0;1;0;0;0;2;
72;Jacques Pélissard;UMP;0;15;0;2;0;0;0;2;1;0;0;2;
73;Jean-Pierre Kucheida;SRC;0;0;1;2;0;1;0;0;0;0;0;1;
74;Michel Ménard;SRC;0;0;0;3;9;4;0;0;6;0;0;3;
75;Michel Sainte-Marie;SRC;0;0;0;2;0;0;0;0;0;0;0;2;
76;Daniel Fasquelle;UMP;4;23;0;3;3;3;0;10;0;0;0;3;
78;François Hollande;SRC;0;0;4;2;0;0;0;1;0;0;0;2;
79;Huguette Bello;GDR;0;20;0;0;17;11;0;0;2;2;0;2;
80;Jean-Louis Christ;UMP;0;0;1;4;0;0;0;3;4;0;0;2;
83;Michel Herbillon;UMP;0;3;3;1;0;0;0;5;1;0;0;1;
85;Christophe Caresche;SRC;2;32;13;5;1;0;0;0;1;1;0;2;
86;Catherine Génisson;SRC;0;0;9;6;0;0;0;0;2;0;0;2;
87;Christian Paul;SRC;0;0;1;2;0;0;0;0;0;0;0;1;
88;François Loncle;SRC;0;0;4;3;0;0;0;0;1;0;0;1;
89;Alain Marc;UMP;0;0;1;3;0;0;0;2;4;0;0;1;
90;Franck Reynier;UMP;0;0;7;3;0;0;0;1;2;0;1;2;
92;Gérard Gaudron;UMP;0;12;0;3;7;1;0;1;0;0;0;2;
93;Laure de La Raudière;UMP;6;19;0;2;0;0;0;3;3;0;0;1;
94;Germinal Peiro;SRC;3;58;0;1;2;0;0;0;3;1;0;2;
96;Jean-Luc Préel;NC;0;0;5;6;0;0;0;1;3;0;0;2;
97;Élisabeth Guigou;SRC;0;0;3;2;0;0;0;1;2;0;0;2;
98;Yves Censi;UMP;3;4;2;3;6;19;0;0;0;0;0;3;
99;Jean-Patrick Gille;SRC;2;18;4;6;16;10;0;0;4;1;0;2;
100;Michel Heinrich;UMP;0;4;3;5;0;0;0;1;1;0;0;2;
101;Alain Claeys;SRC;0;1;109;10;0;0;0;1;0;0;0;2;
102;Geneviève Levy;UMP;0;2;0;1;0;0;0;4;0;0;0;1;
103;Michel Delebarre;SRC;0;1;3;1;0;0;0;0;1;0;0;1;
104;Yves Albarello;UMP;0;8;1;4;2;1;0;1;0;0;0;2;
105;Gaël Yanno;UMP;0;0;0;3;0;0;0;1;0;0;0;1;
106;Pascale Crozon;SRC;0;0;9;4;0;0;0;1;2;0;0;2;
107;Dominique Le Mèner;UMP;0;0;2;4;0;0;0;2;4;0;0;2;
109;Céleste Lett;UMP;0;0;0;6;0;0;0;0;0;0;0;2;
112;Patrick Ollier;UMP;2;2;4;4;41;89;0;0;0;0;0;3;
113;Michel Zumkeller;UMP;5;26;0;2;3;1;4;6;3;1;0;2;
114;Patrice Calméjane;UMP;1;10;0;2;2;2;0;3;5;1;0;2;
116;Olivier Dassault;UMP;0;0;0;1;0;0;0;1;2;0;0;1;
117;Jean-Yves Le Bouillonnec;SRC;3;64;0;0;29;2;0;1;4;0;0;1;
118;Catherine Quéré;SRC;2;54;0;3;0;0;0;1;6;0;0;2;
120;Jean-Luc Pérat;SRC;0;5;6;6;0;0;0;1;3;0;0;2;
121;Jacques Desallangre;NI;1;92;0;1;0;2;0;1;2;0;0;1;
122;Jean-Claude Leroy;SRC;0;0;0;5;0;0;0;0;11;0;0;2;
123;Yves Fromion;UMP;0;1;2;2;0;0;0;0;2;0;0;1;
124;Jean-Michel Boucheron;SRC;0;0;1;3;0;0;0;0;1;0;0;1;
125;Philippe Cochet;UMP;0;0;1;2;0;0;0;3;2;0;0;2;
126;Alain Suguenot;UMP;0;11;1;2;0;0;0;1;6;0;0;1;
127;Jack Lang;SRC;0;0;0;2;0;0;0;0;0;0;0;1;
128;Jean-François Chossy;UMP;0;6;0;2;0;0;0;9;5;0;0;1;
129;Hervé Mariton;UMP;0;1;1;2;0;0;0;1;0;0;0;2;
130;Patrick Labaune;UMP;0;1;0;1;0;0;0;1;2;0;0;1;
132;Cécile Dumoulin;UMP;0;1;2;6;14;3;0;2;3;0;0;2;
133;Jean-Jacques Gaultier;UMP;0;0;4;4;0;0;0;2;1;0;0;2;
134;Philippe Meunier;UMP;0;0;2;2;0;0;0;2;0;0;0;2;
135;Jean-Pierre Abelin;NC;0;1;0;4;0;0;0;2;1;0;0;2;
137;Colette Langlade;SRC;0;0;3;4;0;0;0;1;1;0;0;2;
138;Jean-Claude Lenoir;UMP;0;2;5;11;0;0;0;0;11;0;0;3;
139;Jean-Pierre Brard;GDR;1;105;1;1;217;133;0;0;0;0;0;3;
140;Pierre-Alain Muet;SRC;0;0;8;4;4;0;0;1;0;1;0;3;
141;Charles de Courson;NC;17;36;19;3;37;29;0;1;0;0;0;2;
142;Thierry Carcenac;SRC;0;0;0;3;0;0;0;1;0;0;0;2;
143;Nicole Ameline;UMP;0;0;2;3;4;0;0;3;0;2;0;2;
146;Gilbert Le Bris;SRC;0;0;3;4;0;0;0;0;3;0;0;2;
147;René Couanau;NI;0;1;3;3;0;0;0;5;0;0;0;2;
148;Jean-Paul Bacquet;SRC;0;0;11;9;0;1;0;0;3;0;0;3;
149;Bruno Le Roux;SRC;0;0;0;0;4;4;1;1;0;1;0;2;
150;Jacques Lamblin;UMP;0;0;0;1;0;0;0;1;6;0;0;1;
151;Marylise Lebranchu;SRC;0;0;3;1;7;11;0;1;3;0;0;2;
152;Jacques Remiller;UMP;0;18;1;5;3;0;1;10;15;0;0;2;
154;Valérie Rosso-Debord;UMP;2;5;2;6;18;26;0;5;25;0;0;3;
155;Muriel Marland-Militello;UMP;6;27;11;2;0;0;0;6;12;0;0;1;
156;Marc Joulaud;UMP;0;0;2;3;0;0;0;1;0;0;0;2;
157;Jean-Claude Mathis;UMP;3;12;1;3;1;0;0;2;1;0;0;2;
158;Guénhaël Huet;UMP;0;0;1;1;2;0;0;0;0;1;0;2;
159;Jean-Pierre Dufau;SRC;0;0;4;4;0;2;0;0;1;0;0;2;
161;Philippe Folliot;NC;0;0;3;3;4;3;0;2;0;1;0;2;
163;Marie-Lou Marcel;SRC;3;58;0;3;5;1;0;1;24;0;0;2;
165;Gilbert Mathon;SRC;0;0;0;1;0;0;0;0;0;0;0;1;
166;Maxime Bono;SRC;2;32;13;5;1;0;0;0;3;1;0;2;
168;Jérôme Chartier;UMP;0;0;7;3;0;0;0;0;0;0;0;2;
169;Roland Blum;UMP;0;1;0;2;0;0;0;2;0;0;0;1;
170;Jean-Pierre Gorges;UMP;0;2;58;5;0;0;0;0;0;0;0;1;
171;Hervé Féron;SRC;0;0;5;6;3;0;0;0;0;1;0;3;
173;Jean-Yves Bony;UMP;0;0;0;1;0;0;0;3;0;0;0;1;
174;Jean-Claude Fruteau;SRC;0;5;0;1;0;0;0;0;0;0;0;1;
175;Gabrielle Louis-Carabin;UMP;3;14;0;4;7;3;0;2;0;0;0;1;
176;René-Paul Victoria;UMP;0;0;0;2;0;0;0;1;0;0;0;1;
178;Rudy Salles;NC;2;12;0;10;0;0;0;2;0;0;0;2;
179;Michel Diefenbacher;UMP;1;9;0;10;25;0;0;5;0;0;0;3;
180;Éric Diard;UMP;3;20;1;2;45;17;1;2;0;0;0;1;
181;Michel Destot;SRC;0;0;0;4;0;0;0;0;6;0;0;2;
182;Francis Saint-Léger;UMP;1;23;0;3;2;1;0;5;13;0;0;2;
183;Marie-Louise Fort;UMP;1;3;9;4;0;0;0;4;2;0;0;3;
184;Georges Mothron;UMP;0;0;0;1;0;2;0;1;0;0;0;1;
185;Monique Iborra;SRC;0;0;0;4;0;0;0;0;1;0;0;2;
186;Guy Chambefort;SRC;0;0;0;1;0;0;0;0;0;0;0;1;
187;Michel Issindou;SRC;0;2;4;5;14;48;0;1;14;1;0;2;
188;Yves Bur;UMP;0;1;23;9;1;22;0;0;1;0;0;3;
189;Jean-Michel Clément;SRC;0;0;1;2;0;0;0;0;3;0;0;2;
190;Jean-Marie Rolland;UMP;0;0;0;5;2;0;0;1;3;2;0;2;
192;Gérard Voisin;UMP;0;0;2;3;0;0;0;3;0;0;0;2;
193;Jean-Claude Beaulieu;UMP;0;0;0;3;0;0;0;1;0;0;0;2;
194;Pierre Bourguignon;SRC;0;0;0;4;0;0;0;1;1;0;0;2;
195;Jacqueline Irles;UMP;0;2;0;2;0;0;0;2;0;0;0;1;
197;Olivier Jardé;NC;30;31;26;6;15;5;1;8;3;0;1;2;
198;André Chassaigne;GDR;1;92;12;9;15;7;0;0;17;1;0;3;
200;Jean-Michel Villaumé;SRC;3;58;0;1;0;0;0;0;0;0;0;1;
201;Philippe Goujon;UMP;0;8;0;1;0;0;0;2;0;0;0;1;
202;Jean Roatta;UMP;3;15;0;2;0;1;0;9;0;0;0;1;
203;Serge Blisko;SRC;0;0;1;8;0;0;0;0;0;0;0;2;
204;Jean-Paul Garraud;UMP;0;0;0;1;0;0;1;3;1;0;0;1;
206;Émile Blessig;UMP;2;12;13;3;4;4;0;4;1;0;0;1;
207;Marc Vampa;NC;0;0;0;2;0;0;0;2;1;0;0;2;
208;Olivier Dussopt;SRC;0;2;1;3;0;0;0;1;7;0;0;1;
209;Serge Grouard;UMP;3;7;97;3;1;0;0;0;2;1;1;2;
210;Nicolas Dhuicq;UMP;0;4;2;3;0;0;0;4;3;0;0;2;
211;Louis Guédon;UMP;0;3;2;4;0;0;0;3;10;0;0;1;
212;Jean-Marc Nesme;UMP;3;14;1;2;0;0;0;4;0;0;0;1;
213;Marcel Rogemont;SRC;0;0;17;5;4;16;0;0;5;0;0;2;
214;Monique Boulestin;SRC;0;0;1;3;0;0;0;0;3;0;0;2;
215;Marguerite Lamour;UMP;3;13;0;1;3;0;0;6;11;0;0;1;
216;Bernard Roman;SRC;0;0;0;1;0;14;0;0;0;0;0;2;
217;Bertrand Pancher;UMP;3;5;9;4;4;9;0;1;1;0;1;2;
219;Patricia Adam;SRC;2;20;2;3;0;0;0;0;8;0;0;2;
220;Didier Mathus;SRC;0;0;2;2;0;0;0;0;0;0;0;1;
221;André Santini;NC;0;0;3;2;0;0;0;0;0;0;0;2;
222;Denis Jacquat;UMP;0;2;12;9;0;0;0;3;16;0;0;2;
223;Martine Faure;SRC;0;0;2;4;0;0;0;1;1;0;0;2;
224;Jean-Marc Lefranc;UMP;0;0;0;3;0;0;0;0;1;0;0;2;
225;Albert Facon;SRC;0;0;1;1;0;2;0;0;2;0;0;1;
226;Hervé Gaymard;UMP;0;0;2;3;0;0;0;0;1;0;1;2;
228;Dominique Raimbourg;SRC;0;0;0;1;0;0;0;0;4;0;0;1;
229;Renaud Muselier;UMP;2;16;0;0;3;4;0;0;1;0;0;2;
230;Corinne Erhel;SRC;3;54;0;2;0;0;0;0;2;0;0;1;
231;Loïc Bouvard;UMP;0;2;0;1;0;0;0;10;0;0;0;1;
232;Pierre Cohen;SRC;0;0;0;2;0;1;0;0;1;0;0;2;
233;Marie-Françoise Pérol-Dumont;SRC;2;28;7;1;2;0;0;0;10;1;0;1;
234;Marc Laffineur;UMP;0;0;0;2;35;179;0;0;0;0;0;2;
235;Jean-Luc Warsmann;UMP;2;2;3;3;0;3;0;0;1;0;0;1;
236;Claude Darciaux;SRC;2;46;3;5;2;0;0;1;3;1;0;2;
237;Joël Giraud;SRC;0;38;1;2;0;0;0;0;2;0;0;2;
238;George Pau-Langevin;SRC;0;0;1;1;0;0;0;1;0;0;0;1;
239;Jacques Myard;UMP;0;1;3;5;0;17;1;5;2;0;0;3;
240;Jean-Jacques Candelier;GDR;1;92;0;1;1;0;0;0;0;1;0;1;
241;François Sauvadet;NC;1;1;0;0;7;18;0;1;9;0;0;1;
242;Noël Mamère;NI;1;36;1;1;0;1;0;0;2;0;0;1;
243;Jeanny Marc;SRC;0;32;0;1;1;0;0;0;0;1;0;1;
244;Isabelle Vasseur;UMP;2;5;0;3;22;24;0;4;4;1;0;2;
245;Michel Havard;UMP;7;15;2;2;0;0;0;0;0;0;0;1;
246;Alain Cousin;UMP;4;5;1;3;4;2;0;1;0;0;0;2;
247;Alain Vidalies;SRC;0;16;0;2;23;14;0;1;5;0;0;1;
248;Patrick Lemasle;SRC;0;0;1;2;0;9;0;1;4;0;0;2;
249;Martine Billard;GDR;1;99;1;2;0;1;1;1;3;0;0;1;
251;Gérard Cherpion;UMP;0;0;1;6;0;0;0;0;0;0;0;2;
252;Thierry Benoit;NC;1;11;0;1;21;40;0;3;0;1;0;1;
253;Michel Piron;UMP;77;89;85;3;0;1;0;1;1;0;1;2;
254;Marc Bernier;UMP;0;6;0;2;0;0;0;6;2;0;0;1;
255;François Scellier;UMP;0;7;1;3;0;1;0;0;0;0;0;3;
257;Marie-Odile Bouillé;SRC;0;0;0;3;0;0;0;1;1;0;0;2;
258;Christian Bataille;SRC;1;2;2;6;0;2;0;0;2;0;0;2;
259;Sauveur Gandolfi-Scheit;UMP;2;9;0;4;2;0;0;5;2;0;0;2;
260;Éric Straumann;UMP;4;8;0;2;0;0;0;4;4;0;0;1;
261;Henri Plagnol;UMP;0;0;0;1;0;0;0;0;0;0;0;1;
262;Chantal Brunel;UMP;0;0;1;1;0;0;0;0;0;0;0;1;
263;Camille de Rocca Serra;UMP;0;0;0;1;0;0;0;1;1;0;0;1;
264;Michel Lejeune;UMP;2;19;4;9;0;0;0;4;0;0;0;3;
266;Alain Ferry;UMP;0;0;0;3;0;0;0;0;0;0;0;2;
267;Jean-François Lamour;UMP;0;8;0;2;34;93;1;1;0;0;0;3;
269;Michel Sordi;UMP;0;3;0;1;0;0;0;3;4;0;0;1;
270;Rémi Delatte;UMP;0;1;1;5;3;0;0;1;5;0;0;2;
273;Guy Lefrand;UMP;0;0;9;10;1;4;0;3;0;0;0;3;
275;Patrice Verchère;UMP;0;5;1;1;1;0;0;4;2;1;0;1;
276;Jean Tiberi;UMP;0;8;0;2;0;0;0;1;0;0;0;1;
277;Jean-François Copé;UMP;0;0;4;1;0;0;0;0;0;0;0;1;
278;Jean-Pierre Giran;UMP;0;1;1;3;0;0;0;1;1;0;0;2;
279;Jean Lassalle;NI;0;0;3;1;3;0;0;1;0;0;0;1;
280;Xavier Breton;UMP;0;2;0;1;0;0;1;2;1;0;0;1;
281;Jean-Pierre Schosteck;UMP;0;18;0;1;0;0;0;5;1;0;0;1;
282;Françoise Imbert;SRC;0;0;0;3;1;0;0;1;7;1;0;2;
283;Laurent Hénart;UMP;0;1;0;4;0;0;0;0;7;0;0;2;
284;Jean-Paul Dupré;SRC;0;0;1;2;3;2;0;0;4;1;0;2;
285;Michel Voisin;UMP;4;17;8;4;0;0;0;8;6;0;0;2;
287;Louis Cosyns;UMP;4;5;0;2;9;4;0;4;8;0;0;2;
290;Alain Marty;UMP;0;0;0;1;0;0;0;0;3;0;0;1;
291;Jean-Frédéric Poisson;UMP;1;5;4;4;5;8;0;5;1;0;0;2;
292;Axel Poniatowski;UMP;0;1;20;6;0;0;0;0;1;0;0;2;
293;Jean-François Mancel;UMP;0;0;24;8;0;0;0;0;12;0;0;3;
294;Étienne Mourrut;UMP;1;4;0;1;0;0;0;3;15;0;0;1;
296;Jean-Marc Roubaud;UMP;5;14;1;5;0;11;0;6;5;0;0;2;
297;Jean-Paul Chanteguet;SRC;3;63;20;4;0;0;0;0;2;0;0;2;
298;Élie Aboud;UMP;0;0;5;7;0;0;0;3;0;0;0;2;
299;Bernard Brochand;UMP;0;7;0;1;0;0;0;0;4;0;0;1;
300;Pascal Deguilhem;SRC;0;0;1;3;1;1;0;0;4;1;0;2;
301;Marie-Jo Zimmermann;UMP;0;0;18;4;2;0;0;2;14;1;0;2;
302;Jean-Marie Binetruy;UMP;3;8;0;4;8;3;0;6;4;1;0;2;
303;Jean-Pierre Balligand;SRC;0;0;0;2;0;0;0;1;1;0;0;1;
305;Annick Le Loch;SRC;5;76;1;3;0;0;0;0;1;0;0;2;
306;Jean-Louis Bernard;UMP;0;0;0;3;0;0;0;1;0;0;0;2;
307;Laurent Fabius;SRC;0;0;0;1;0;0;0;1;1;0;0;1;
309;Philippe Martin;SRC;3;58;0;2;0;5;0;0;0;0;0;2;
310;Dominique Baert;SRC;0;0;1;2;0;0;0;1;1;0;0;2;
311;Francis Vercamer;NC;0;0;0;1;1;0;0;0;0;1;0;2;
315;Marc Francina;UMP;2;11;0;3;0;0;0;4;3;0;0;2;
316;François Loos;UMP;4;5;0;0;161;69;0;0;1;0;0;2;
317;Henriette Martinez;UMP;0;2;1;2;0;0;1;6;1;0;0;1;
318;Jean-Pierre Dupont;UMP;2;4;0;2;1;0;0;4;4;1;0;1;
319;Christian Jacob;UMP;0;0;53;4;0;1;0;0;0;0;0;3;
320;Philippe Boënnec;UMP;2;9;6;6;0;1;0;3;0;0;0;2;
321;Françoise de Panafieu;UMP;0;1;1;2;0;0;0;0;1;0;0;2;
322;Bernard Gérard;UMP;1;23;0;1;4;2;0;2;3;0;0;2;
324;Bernard Debré;UMP;0;0;15;5;0;0;0;1;3;0;0;2;
325;Alain Gest;UMP;0;0;0;2;0;2;0;2;0;0;0;1;
326;Patrick Braouezec;GDR;1;92;0;1;5;0;0;0;6;0;0;1;
327;Dominique Dord;UMP;7;41;3;6;0;0;0;12;3;0;0;2;
328;Alain Bocquet;GDR;1;92;0;2;1;18;0;0;4;0;0;1;
329;Jean-Claude Sandrier;GDR;1;92;0;1;0;0;0;0;0;0;0;1;
331;Jean-Christophe Lagarde;NC;0;1;263;17;0;0;0;3;7;0;0;3;
332;Robert Lecou;UMP;0;0;4;4;0;0;0;1;4;0;0;2;
333;William Dumas;SRC;3;53;0;2;20;31;0;0;8;0;0;3;
334;Patrick Bloche;SRC;0;0;9;4;1;3;0;0;0;0;0;2;
337;Laurent Cathala;SRC;0;0;0;1;0;0;0;0;2;0;0;1;
338;Christian Hutin;SRC;0;0;2;2;22;7;0;0;2;0;0;2;
339;Richard Mallié;UMP;1;1;0;1;1;2;2;4;2;0;0;2;
340;Jacques Valax;SRC;0;2;1;3;13;6;0;0;10;1;0;2;
341;Catherine Coutelle;SRC;3;60;4;2;0;0;0;1;1;0;0;1;
344;Michèle Delaunay;SRC;0;0;1;3;18;10;0;0;2;1;0;2;
345;Martine Carrillon-Couvreur;SRC;2;18;0;4;2;0;0;1;0;1;0;2;
346;Patrick Beaudouin;UMP;0;10;0;3;0;0;0;7;1;0;0;2;
347;Bernard Accoyer;UMP;0;0;0;0;46;141;0;0;0;0;0;2;
348;Jean Michel;SRC;0;0;1;2;0;0;0;0;4;0;0;1;
349;Yves Cochet;GDR;1;36;35;2;1;0;0;0;0;1;0;2;
350;Jacques Grosperrin;UMP;0;0;4;4;1;0;0;4;4;1;1;2;
351;Jérôme Cahuzac;SRC;0;0;26;4;2;1;0;1;3;1;0;2;
352;Jean-Pierre Marcon;UMP;0;9;14;3;11;6;0;4;2;0;0;2;
354;François Brottes;SRC;5;93;3;2;124;90;0;1;4;0;0;3;
355;Xavier Bertrand;UMP;0;0;0;1;0;0;0;1;8;0;0;1;
356;Alain Rousset;SRC;0;0;0;1;0;0;0;0;5;0;0;1;
357;François Pupponi;SRC;3;61;0;1;4;8;0;0;1;0;0;3;
358;Odile Saugues;SRC;0;0;0;1;4;0;0;0;1;0;0;1;
359;Michel Raison;UMP;1;1;0;1;3;1;0;2;11;0;0;2;
360;Roland Muzeau;GDR;1;112;8;2;67;100;0;0;0;1;0;2;
362;Paul Giacobbi;SRC;0;32;0;0;1;0;0;0;0;1;0;1;
363;Daniel Fidelin;UMP;0;4;5;3;0;0;0;2;1;0;0;2;
364;Jean Glavany;SRC;0;0;5;1;0;4;0;1;5;0;2;1;
365;David Habib;SRC;0;0;30;13;3;10;0;1;3;0;0;2;
366;Gilles Bourdouleix;UMP;0;1;0;1;0;0;0;0;2;0;0;1;
367;Philippe Vigier;NC;1;9;1;2;2;1;0;3;2;1;0;1;
368;Jean-Michel Ferrand;UMP;0;2;0;2;0;0;0;10;0;0;0;2;
370;Franck Gilard;UMP;0;1;1;2;0;30;0;2;0;0;0;3;
371;Max Roustan;UMP;1;64;3;1;10;11;0;2;1;0;0;1;
372;Marie-Line Reynaud;SRC;2;30;5;6;0;0;0;0;4;0;0;2;
374;Gérard Hamel;UMP;0;0;0;1;0;0;0;5;0;0;0;1;
375;Sébastien Huyghe;UMP;1;6;1;4;3;0;0;3;2;1;0;2;
376;Martine Martinel;SRC;0;2;2;3;2;0;0;1;7;0;0;2;
377;Colette Le Moal;NC;0;0;3;1;5;0;0;0;0;0;1;2;
378;Gérard Charasse;SRC;0;33;0;1;1;0;0;1;0;0;0;2;
379;Christian Kert;UMP;0;0;8;4;0;0;0;3;1;0;0;2;
380;Claude Gatignol;UMP;2;19;4;2;0;1;0;1;0;0;0;3;
381;Sophie Delong;UMP;0;1;1;4;0;0;0;2;0;0;0;2;
382;Dino Cinieri;UMP;0;0;2;2;2;1;0;4;2;1;0;2;
383;Frédérique Massat;SRC;5;82;1;2;4;2;0;0;4;0;0;1;
384;Michel Terrot;UMP;4;42;4;5;0;0;0;5;2;0;0;2;
385;Jean-René Marsac;SRC;3;56;0;1;2;0;0;0;6;0;0;2;
386;Jean-Claude Viollet;SRC;0;0;5;4;2;1;0;0;1;1;0;2;
388;Daniel Garrigue;NI;0;0;3;5;2;0;0;1;10;0;0;2;
389;Bernard Depierre;UMP;0;1;0;1;0;0;0;2;4;0;0;1;
390;Martine Lignières-Cassou;SRC;0;0;0;2;0;0;0;0;8;0;0;2;
391;Serge Janquin;SRC;0;0;1;1;0;0;0;0;0;0;0;1;
392;Marie-Hélène Amiable;GDR;1;92;2;1;0;0;0;0;3;0;0;1;
393;Sylvia Pinel;SRC;0;33;0;1;1;0;0;0;0;0;0;1;
395;Maxime Gremetz;NI;1;112;4;4;0;12;0;0;9;0;0;2;
397;Alain Moyne-Bressand;UMP;0;2;0;2;0;0;0;4;4;0;0;2;
398;Jean-Pierre Decool;UMP;9;63;0;1;0;0;1;15;4;0;0;1;
399;Philippe Plisson;SRC;3;58;7;5;0;0;0;0;5;0;0;2;
401;Marietta Karamanli;SRC;0;6;2;5;2;3;0;0;5;0;0;1;
402;François Vannson;UMP;0;2;0;0;2;0;0;1;8;1;0;2;
404;Daniel Vaillant;SRC;0;0;0;1;0;0;0;0;0;0;0;1;
405;Arlette Grosskost;UMP;0;0;0;6;0;0;0;4;0;0;0;2;
406;Jean Launay;SRC;0;0;1;1;0;0;0;1;1;0;0;1;
407;Philippe Nauche;SRC;0;0;0;2;2;0;0;0;2;1;0;1;
409;Sandrine Mazetier;SRC;0;0;1;1;6;7;0;1;1;0;0;1;
412;Christophe Sirugue;SRC;0;0;0;4;2;0;0;0;0;1;0;2;
413;François de Rugy;NI;1;40;3;3;2;0;0;0;1;1;0;2;
415;Yves Nicolin;UMP;0;0;0;2;0;2;0;0;1;0;0;2;
416;Chantal Bourragué;UMP;0;8;1;4;1;1;0;3;0;0;0;2;
417;Vincent Descoeur;UMP;0;0;3;5;0;0;0;0;2;0;0;2;
418;Bernard Reynès;UMP;0;2;0;1;0;0;0;0;0;0;0;1;
420;Gérard Bapt;SRC;0;0;48;10;6;3;0;1;1;1;0;2;
421;Martine Pinville;SRC;2;18;0;2;2;0;0;0;0;0;0;1;
422;Franck Riester;UMP;0;7;2;2;0;0;0;0;0;0;0;2;
424;Gérard Lorgeoux;UMP;0;10;0;1;0;0;0;4;3;0;0;1;
426;Georges Siffredi;UMP;0;0;0;1;1;0;0;1;0;1;0;1;
427;Jean-Pierre Nicolas;UMP;0;1;1;3;3;0;0;2;1;2;0;2;
428;Kléber Mesquida;SRC;3;53;1;1;0;0;0;0;6;0;0;1;
429;Frédéric Reiss;UMP;1;5;4;4;0;0;0;3;4;0;0;2;
430;Bernard Deflesselles;UMP;0;7;1;2;0;2;0;0;3;0;0;1;
431;Bernard Lesterlin;SRC;0;5;0;2;0;0;0;0;3;0;0;2;
432;Philippe Duron;SRC;2;32;0;1;1;1;0;1;0;1;0;1;
434;Jean Ueberschlag;UMP;0;0;2;4;0;0;0;0;0;0;0;2;
436;Henri Nayrou;SRC;0;0;0;1;0;0;0;2;0;0;0;1;
437;Geneviève Gaillard;SRC;3;58;4;3;0;0;0;0;8;0;0;2;
438;Yannick Favennec;UMP;0;15;0;2;0;0;0;1;9;0;0;2;
439;Michel Pajon;SRC;0;0;0;1;0;0;0;0;2;0;0;1;
440;Simon Renucci;SRC;2;20;3;5;1;0;0;0;7;0;0;2;
441;Danielle Bousquet;SRC;0;0;5;1;82;545;0;1;2;0;0;2;
442;Marie-Anne Montchamp;UMP;0;0;1;1;0;1;0;0;0;0;0;1;
443;Daniel Paul;GDR;1;92;3;3;40;30;0;0;4;0;0;2;
444;Yanick Paternotte;UMP;5;28;0;1;10;9;0;1;2;0;0;1;
445;Michel Grall;UMP;0;3;1;1;0;0;0;3;5;0;0;1;
446;François Bayrou;NI;0;0;0;1;0;0;0;0;0;0;0;1;
447;Pascal Clément;UMP;0;0;2;3;0;0;0;0;0;0;0;2;
448;Guillaume Garot;SRC;2;22;0;2;1;0;0;0;3;0;0;2;
449;Jacques Le Nay;UMP;0;0;0;2;0;0;0;1;1;0;0;2;
450;Alain Rodet;SRC;0;1;1;2;3;0;0;1;3;0;0;1;
451;André Schneider;UMP;0;2;12;8;1;2;0;2;3;0;0;3;
452;Hervé de Charette;NC;0;0;0;1;0;0;1;1;0;0;0;1;
453;Dominique Tian;UMP;0;1;0;3;0;0;0;2;4;0;0;1;
454;Stéphane Demilly;NC;2;4;0;1;1;0;0;2;3;1;0;1;
455;Laurence Dumont;SRC;0;0;0;2;0;0;0;0;0;0;0;1;
456;Jacques Domergue;UMP;0;1;4;4;10;1;0;5;2;1;0;2;
457;Jacques Bascou;SRC;0;0;2;6;0;0;0;0;2;0;0;2;
458;Philippe Tourtelier;SRC;3;65;64;4;0;0;0;0;4;0;0;2;
459;Véronique Besse;NI;2;6;0;5;1;0;0;3;2;1;0;2;
460;Jean Dionis du Séjour;NC;5;33;1;2;86;57;0;1;0;0;0;2;
461;Béatrice Pavy;UMP;0;0;0;2;0;0;0;0;0;0;0;2;
463;Jean-Paul Anciaux;UMP;0;0;0;1;0;0;0;1;1;0;0;1;
464;Jacqueline Maquet;SRC;3;53;0;1;0;0;0;1;2;0;0;1;
465;Damien Meslot;UMP;0;0;0;1;0;0;0;0;9;0;0;1;
466;Jean-Marie Le Guen;SRC;0;0;10;8;0;0;0;0;2;0;0;3;
467;Daniel Goldberg;SRC;3;60;1;2;3;1;0;0;4;0;0;2;
469;Abdoulatifou Aly;NI;1;3;0;0;2;1;0;2;2;0;0;1;
470;Françoise Branget;UMP;6;30;3;4;1;1;0;3;0;0;0;2;
471;Marc Goua;SRC;0;0;1;4;0;0;0;1;9;0;0;2;
472;Charles de La Verpillière;UMP;0;1;0;2;0;7;0;1;2;0;2;1;
473;Didier Quentin;UMP;0;1;0;2;0;0;0;1;0;0;0;1;
474;Dominique Perben;UMP;0;0;0;2;4;0;0;1;4;1;0;2;
475;Éric Raoult;UMP;0;0;0;1;0;1;0;0;43;0;0;2;
477;Jean-Yves Cousin;UMP;2;9;2;2;0;0;0;8;8;0;0;2;
478;Thierry Mariani;UMP;0;0;2;2;0;0;1;7;0;0;0;1;
479;Gaëtan Gorce;SRC;0;0;2;2;20;13;0;1;0;0;0;2;
480;Françoise Olivier-Coupeau;SRC;0;0;60;10;2;0;0;0;4;1;0;2;
481;Philippe Morenvillier;UMP;0;0;0;4;0;0;0;0;4;0;0;2;
483;Yvan Lachaud;NC;4;4;15;2;37;9;2;4;8;0;1;2;
485;Jean-Claude Bouchet;UMP;0;1;0;3;1;2;1;6;7;0;0;2;
486;Patrick Lebreton;SRC;0;0;0;0;2;0;0;0;5;1;0;1;
488;Jean-Louis Dumont;SRC;0;2;0;1;0;0;0;1;3;0;0;1;
490;Catherine Vautrin;UMP;40;42;0;1;148;281;0;1;2;1;1;2;
491;Françoise Briand;UMP;0;8;0;1;0;0;0;3;3;0;0;1;
492;Michel Vergnier;SRC;0;0;0;3;0;0;0;1;2;0;0;1;
493;Manuel Aeschlimann;UMP;0;0;0;1;0;0;0;0;0;0;0;1;
494;Jean-Pierre Door;UMP;0;2;68;20;0;0;0;1;0;0;0;3;
495;Marie-Josée Roig;UMP;0;0;0;1;0;0;0;5;2;0;0;1;
498;Philippe Gosselin;UMP;4;12;1;2;3;5;0;3;1;1;0;2;
499;Olivier Carré;UMP;0;0;1;2;0;0;0;0;0;0;0;2;
500;Jérôme Lambert;SRC;0;0;5;3;0;0;0;0;0;0;0;1;
501;Jean-Claude Thomas;UMP;0;0;13;1;0;0;0;0;0;0;0;1;
503;Jean-Louis Gagnaire;SRC;4;61;1;2;0;3;0;0;0;0;0;1;
504;Gisèle Biémouret;SRC;0;0;0;4;0;0;0;0;14;0;0;2;
505;Pierre Cardo;UMP;0;7;0;2;0;0;0;1;2;0;0;1;
506;Marie-Christine Dalloz;UMP;6;17;2;6;5;14;0;1;3;0;0;3;
507;André Vallini;SRC;0;0;0;1;0;0;0;0;6;0;0;1;
508;Pierre Méhaignerie;UMP;0;0;39;7;9;6;0;0;0;0;0;2;
509;Patrick Roy;SRC;0;0;1;3;22;46;0;0;8;0;0;2;
510;Tony Dreyfus;SRC;0;0;0;2;66;294;0;0;0;0;0;1;
511;Christophe Priou;UMP;0;0;0;2;1;0;0;0;0;1;0;2;
512;Frédéric Cuvillier;SRC;0;5;0;3;0;0;0;0;0;0;0;2;
513;Claude Bartolone;SRC;0;0;1;1;0;0;0;1;2;0;0;1;
514;Marisol Touraine;SRC;0;2;2;2;28;2;0;1;2;1;0;3;
515;Michel Liebgott;SRC;0;0;5;6;4;0;0;0;28;0;0;2;
516;Patrice Debray;UMP;4;8;1;4;1;2;0;4;2;1;0;4;
517;Maurice Leroy;NC;1;7;0;0;281;733;0;3;6;0;0;2;
518;Claude Leteurtre;NC;0;1;0;1;2;0;0;2;0;2;0;2;
520;Henri Jibrayel;SRC;3;58;0;1;0;0;0;0;1;0;0;1;
521;Henri Emmanuelli;SRC;0;0;5;1;0;4;0;1;2;0;0;1;
522;Valérie Boyer;UMP;0;0;0;8;0;0;2;8;0;0;0;2;
523;Daniel Mach;UMP;0;2;4;2;0;0;0;0;1;0;1;2;
524;André Wojciechowski;UMP;2;11;0;2;0;23;1;5;100;0;0;2;
525;Julien Dray;SRC;0;0;0;1;0;0;0;0;3;0;0;1;
526;Jérôme Bignon;UMP;0;3;38;1;0;0;0;1;0;0;0;1;
527;Jean-Paul Lecoq;GDR;1;92;6;3;0;0;0;0;1;0;0;1;
528;Jean Mallot;SRC;0;3;10;11;106;122;0;1;7;0;0;4;
529;Lionnel Luca;UMP;6;21;8;7;0;1;1;10;3;0;2;2;
531;Maryse Joissains-Masini;UMP;0;1;1;1;0;0;0;3;1;0;0;1;
532;Marie-Françoise Clergeau;SRC;2;18;4;4;22;16;0;1;0;0;0;2;
533;Martial Saddier;UMP;0;9;13;3;0;0;0;0;0;0;0;2;
534;Bérengère Poletti;UMP;0;1;0;2;3;0;0;1;16;2;0;2;
535;Pascal Terrasse;SRC;0;2;0;1;3;6;0;0;7;0;0;1;
536;Jean-Pierre Soisson;UMP;0;0;2;2;0;5;0;0;0;0;0;1;
537;Jean-Jacques Guillet;UMP;1;1;1;1;0;0;0;3;2;0;0;1;
538;Marcel Bonnot;UMP;0;0;0;0;5;0;0;3;3;0;0;1;
541;Valérie Fourneyron;SRC;0;0;7;5;10;1;0;1;1;1;0;2;
542;Dominique Souchet;NI;2;3;3;6;1;0;0;5;1;0;0;2;
543;Jean Gaubert;SRC;5;88;2;2;125;37;0;0;4;1;0;3;
544;Pierre Lequiller;UMP;0;0;3;2;2;0;0;0;0;1;0;2;
545;Arnaud Robinet;UMP;0;3;3;7;0;0;0;2;0;0;0;2;
546;Christian Eckert;SRC;0;0;3;2;6;3;0;1;13;3;0;2;
547;Bernard Derosier;SRC;0;2;3;2;65;51;0;0;0;0;0;2;
548;Serge Poignant;UMP;6;6;22;4;5;0;0;1;1;0;1;2;
550;Philippe Houillon;UMP;0;1;0;1;0;0;0;0;0;0;0;1;
551;Jean-Philippe Maurer;UMP;0;2;0;8;0;0;0;5;11;0;0;3;
552;Dominique Orliac;SRC;0;33;1;3;0;0;0;0;7;0;0;2;
553;Christian Ménard;UMP;4;21;0;3;0;0;0;8;3;0;0;2;
554;Geneviève Colot;UMP;0;7;0;1;0;2;0;1;0;0;0;1;
555;Conchita Lacuey;SRC;0;0;0;1;0;0;0;0;1;0;0;1;
556;Jean-Charles Taugourdeau;UMP;0;7;0;1;0;0;0;2;4;0;0;1;
558;Jean-Michel Fourgous;UMP;0;0;2;1;0;2;0;0;1;0;0;2;
559;Philippe Armand Martin;UMP;1;14;1;2;2;0;0;4;26;1;0;2;
560;Martine Aurillac;UMP;0;0;3;5;1;0;0;3;11;1;0;2;
561;Guy Malherbe;UMP;0;8;0;3;4;9;0;1;4;0;0;1;
562;François Rochebloine;NC;0;0;1;2;17;9;0;2;2;1;0;1;
564;François Calvet;UMP;2;6;0;2;1;6;0;5;0;1;0;2;
565;Antoine Herth;UMP;0;2;0;0;0;1;0;1;1;0;0;1;
566;André Flajolet;UMP;0;6;0;2;0;0;0;2;5;0;0;2;
567;René Dosière;SRC;0;0;0;3;0;0;0;0;53;0;0;2;
569;Annick Girardin;SRC;0;33;0;0;5;1;0;1;3;0;0;1;
570;Cécile Gallez;UMP;0;0;0;6;3;3;0;0;0;0;0;2;
571;Geneviève Fioraso;SRC;5;75;0;2;27;9;0;1;7;0;0;1;
572;Lucien Degauchy;UMP;0;0;0;3;0;1;0;1;1;0;0;1;
574;Raymond Durand;NC;0;0;2;2;0;0;0;4;6;0;0;2;
575;Aurélie Filippetti;SRC;0;4;0;3;90;16;0;1;2;0;0;3;
576;Françoise Guégot;UMP;0;0;1;4;0;0;0;1;1;0;0;2;
577;François Baroin;UMP;0;0;20;1;0;0;0;0;0;0;0;1;
579;Jean-Jacques Urvoas;SRC;0;0;0;1;7;6;0;1;79;1;0;2;
580;Pierre Morange;UMP;0;0;5;5;0;0;0;0;3;0;0;2;
581;Jean-Louis Bianco;SRC;0;0;0;2;0;0;0;1;5;0;0;2;
582;Michel Françaix;SRC;0;0;8;3;0;0;0;0;0;0;0;2;
583;Dominique Caillaud;UMP;0;0;3;6;0;0;0;2;9;0;0;2;
584;Michel Lezeau;UMP;5;6;0;1;0;0;0;0;4;0;0;1;
585;Jacqueline Fraysse;GDR;1;112;2;2;12;6;0;0;1;1;0;3;
586;Bruno Bourg-Broc;UMP;0;2;0;3;0;0;0;0;9;0;0;2;
587;Jean-Michel Couve;UMP;0;3;0;1;0;0;0;8;0;0;0;1;
589;Michel Sapin;SRC;0;0;0;1;0;1;0;1;0;0;0;1;
590;Régis Juanico;SRC;0;0;3;5;14;30;0;0;1;0;0;3;
591;Alain Néri;SRC;0;0;2;2;12;14;0;1;3;0;0;3;
592;Marc Le Fur;UMP;4;29;0;3;35;203;1;8;12;0;0;2;
593;Gilles d'Ettore;UMP;0;0;0;1;0;0;0;3;0;0;0;1;
594;Jean-Marie Morisset;UMP;0;1;0;4;1;0;0;1;5;0;0;2;
596;Catherine Lemorton;SRC;0;0;4;4;14;15;0;1;2;0;0;1;
597;Étienne Pinte;UMP;2;4;0;4;0;0;0;1;0;0;0;2;
598;Michel Vauzelle;SRC;0;0;0;3;0;0;0;0;3;0;0;2;
599;Jean-Yves Le Déaut;SRC;3;56;2;1;0;0;0;0;0;0;0;1;
601;Daniel Boisserie;SRC;0;2;1;3;0;0;0;0;6;0;0;2;
602;Yves Vandewalle;UMP;2;4;0;1;2;0;0;0;1;0;0;1;
603;Daniel Poulou;UMP;0;0;0;3;0;0;0;0;0;0;0;2;
604;Pierre Lang;UMP;0;1;0;1;0;0;0;0;0;0;0;1;
606;Gabriel Biancheri;UMP;0;0;0;2;0;0;0;5;5;0;0;1;
607;Georges Ginesta;UMP;0;0;0;2;0;0;0;0;0;0;0;1;
609;Michel Bouvard;UMP;3;9;8;5;1;0;0;1;4;1;0;2;
610;Jean-Pierre Grand;UMP;2;3;0;1;0;0;2;2;2;0;0;1;
611;Richard Dell'Agnola;UMP;0;0;0;3;2;1;0;1;0;0;0;2;
612;Christophe Bouillon;SRC;2;31;0;7;0;0;0;0;0;0;0;3;
613;Claude Birraux;UMP;1;2;9;5;0;0;0;2;2;0;0;2;
614;Philippe Vitel;UMP;2;12;2;16;2;0;0;5;1;1;0;4;
615;David Douillet;UMP;0;0;1;1;0;0;0;2;3;0;0;1;
616;Marianne Dubois;UMP;0;0;1;4;3;0;0;2;0;1;0;2;
617;Fernand Siré;UMP;0;2;1;4;0;0;0;0;0;0;0;1;
618;Jacques Houssin;UMP;1;2;0;2;0;0;0;0;0;0;0;2;
619;Françoise De Salvador;UMP;0;0;0;1;0;0;0;0;0;0;0;1;
620;Gérard Menuel;UMP;0;0;0;1;0;0;0;0;0;0;0;1;
15;Louis-Joseph Manscour;SRC;3;60;0;0;0;0;0;0;2;0;0;0;
30;Apeleto Albert Likuvalu;SRC;0;34;0;0;0;0;0;0;0;0;0;0;
39;Michel Vaxès;GDR;1;92;0;0;0;0;0;0;0;0;0;0;
81;Claude Bodin;UMP;2;18;0;0;0;0;0;3;2;0;0;0;
91;Patrice Martin-Lalande;UMP;0;3;0;0;0;0;0;4;2;0;0;0;
95;Jean-Claude Mignon;UMP;0;1;0;0;0;0;0;1;3;0;0;0;
108;Brigitte Barèges;UMP;0;7;0;0;0;0;0;1;1;0;0;0;
115;Patrick Balkany;UMP;0;1;0;0;0;0;0;1;6;0;0;0;
136;Charles-Ange Ginesy;UMP;0;7;0;0;0;0;0;1;1;0;0;0;
145;Didier Gonzales;UMP;0;2;0;0;0;0;0;2;0;0;0;0;
167;Nicolas Forissier;UMP;3;9;0;0;0;0;0;1;0;0;0;0;
268;Chantal Robin-Rodrigo;SRC;3;85;0;0;0;0;0;0;7;0;0;0;
288;Thierry Lazaro;UMP;5;30;0;0;0;0;0;4;0;0;0;0;
304;Georges Colombier;UMP;2;5;0;0;0;0;0;5;7;0;0;0;
308;Jean-Sébastien Vialatte;UMP;2;7;0;0;0;0;0;2;0;0;0;0;
312;André Gerin;GDR;1;92;0;0;0;0;0;0;2;0;0;0;
313;Pierre Forgues;SRC;0;2;0;0;0;0;0;0;3;0;0;0;
336;Jean-Yves Besselat;UMP;0;1;0;0;0;0;0;0;0;0;0;0;
400;Francis Hillmeyer;NC;1;7;0;0;0;0;0;3;0;0;0;0;
410;Victorin Lurel;SRC;0;1;0;0;0;0;0;1;0;0;0;0;
411;Christine Marin;UMP;0;1;0;0;0;0;0;2;4;0;0;0;
414;Michel Lefait;SRC;1;29;0;0;0;0;0;0;3;0;0;0;
419;Étienne Blanc;UMP;0;1;0;0;0;0;0;1;0;0;0;0;
425;Jean-Claude Perez;SRC;0;2;0;0;0;0;0;0;6;0;0;0;
468;Sylvia Bassot;UMP;0;1;0;0;0;0;0;0;0;0;0;0;
489;Bernard Carayon;UMP;0;2;0;0;0;0;0;3;54;0;0;0;
497;Franck Marlin;UMP;0;11;0;0;0;0;0;1;4;0;0;0;
502;Marie-George Buffet;GDR;1;92;0;0;0;0;0;0;3;0;0;0;
519;Serge Letchimy;SRC;3;62;0;0;0;0;0;0;0;0;0;0;
530;Jean Leonetti;UMP;0;1;0;0;0;0;0;0;0;0;0;0;
50;Philippe Briand;UMP;0;0;0;0;0;0;0;1;8;0;0;0;
77;Guy Delcourt;SRC;0;0;0;0;0;0;0;0;1;0;0;0;
271;Édouard Courtial;UMP;0;0;0;0;0;0;0;0;1;0;0;0;
289;Christian Patria;UMP;0;0;0;0;0;0;0;1;1;0;0;0;
335;Jacques Le Guen;UMP;0;0;0;0;0;0;0;1;3;0;0;0;
342;Yves Jego;UMP;0;0;0;0;0;0;0;1;7;0;0;0;
373;Nicolas Dupont-Aignan;NI;0;0;0;0;0;0;0;3;5;0;0;0;
387;Jean-Louis Idiart;SRC;0;0;0;0;0;0;0;1;9;0;0;0;
394;René Rouquet;SRC;0;0;0;0;0;0;0;0;4;0;0;0;
487;Odette Duriez;SRC;0;0;0;0;0;0;0;1;7;0;0;0;
496;Delphine Batho;SRC;0;0;0;0;0;0;0;0;4;0;0;0;
588;Jean-Christophe Cambadélis;SRC;0;0;0;0;0;0;0;0;10;0;0;0;
600;Jean Grenet;UMP;0;0;0;0;0;0;0;0;9;0;0;0;
265;Jean-Marc Ayrault;SRC;0;0;0;0;0;0;1;2;0;0;0;0;
4;Arlette Franco;UMP;0;0;0;0;0;0;0;4;0;0;0;0;
32;François-Xavier Villain;NI;0;0;0;0;0;0;0;2;0;0;0;0;
164;François Lamy;SRC;0;0;0;0;0;0;0;1;0;0;0;0;
172;Alfred Almont;UMP;0;0;0;0;0;0;0;1;0;0;0;0;
205;Arnaud Montebourg;SRC;0;0;0;0;0;0;0;1;0;0;0;0;
343;Jean Bardet;UMP;0;0;0;0;0;0;0;1;0;0;0;0;
423;Jean-Luc Reitzer;UMP;0;0;0;0;0;0;0;3;0;0;0;0;
557;Marc-Philippe Daubresse;UMP;0;0;0;0;0;0;0;1;0;0;0;0;
573;Jean Auclair;UMP;0;0;0;0;0;0;0;1;0;0;0;0;
595;Bruno Sandras;UMP;0;0;0;0;0;0;0;5;0;0;0;0;
